From	Entry	Reviewed	Entry Name	Protein names	Gene Names	Organism	Length	Sequence	PDB	Pfam
CHEMBL1871	P10275	reviewed	ANDR_HUMAN	Androgen receptor (Dihydrotestosterone receptor) (Nuclear receptor subfamily 3 group C member 4)	AR DHTR NR3C4	Homo sapiens (Human)	920	MEVQLGLGRVYPRPPSKTYRGAFQNLFQSVREVIQNPGPRHPEAASAAPPGASLLLLQQQQQQQQQQQQQQQQQQQQQQQETSPRQQQQQQGEDGSPQAHRRGPTGYLVLDEEQQPSQPQSALECHPERGCVPEPGAAVAASKGLPQQLPAPPDEDDSAAPSTLSLLGPTFPGLSSCSADLKDILSEASTMQLLQQQQQEAVSEGSSSGRAREASGAPTSSKDNYLGGTSTISDNAKELCKAVSVSMGLGVEALEHLSPGEQLRGDCMYAPLLGVPPAVRPTPCAPLAECKGSLLDDSAGKSTEDTAEYSPFKGGYTKGLEGESLGCSGSAAAGSSGTLELPSTLSLYKSGALDEAAAYQSRDYYNFPLALAGPPPPPPPPHPHARIKLENPLDYGSAWAAAAAQCRYGDLASLHGAGAAGPGSGSPSAAASSSWHTLFTAEEGQLYGPCGGGGGGGGGGGGGGGGGGGGGGGEAGAVAPYGYTRPPQGLAGQESDFTAPDVWYPGGMVSRVPYPSPTCVKSEMGPWMDSYSGPYGDMRLETARDHVLPIDYYFPPQKTCLICGDEASGCHYGALTCGSCKVFFKRAAEGKQKYLCASRNDCTIDKFRRKNCPSCRLRKCYEAGMTLGARKLKKLGNLKLQEEGEASSTTSPTEETTQKLTVSHIEGYECQPIFLNVLEAIEPGVVCAGHDNNQPDSFAALLSSLNELGERQLVHVVKWAKALPGFRNLHVDDQMAVIQYSWMGLMVFAMGWRSFTNVNSRMLYFAPDLVFNEYRMHKSRMYSQCVRMRHLSQEFGWLQITPQEFLCMKALLLFSIIPVDGLKNQKFFDELRMNYIKELDRIIACKRKNPTSCSRRFYQLTKLLDSVQPIARELHQFTFDLLIKSHMVSVDFPEMMAEIISVQVPKILSGKVKPIYFHTQ	1E3G;1GS4;1T5Z;1T63;1T65;1XJ7;1XOW;1XQ3;1Z95;2AM9;2AMA;2AMB;2AO6;2AX6;2AX7;2AX8;2AX9;2AXA;2HVC;2OZ7;2PIO;2PIP;2PIQ;2PIR;2PIT;2PIU;2PIV;2PIW;2PIX;2PKL;2PNU;2Q7I;2Q7J;2Q7K;2Q7L;2YHD;2YLO;2YLP;2YLQ;2Z4J;3B5R;3B65;3B66;3B67;3B68;3BTR;3L3X;3L3Z;3RLJ;3RLL;3V49;3V4A;3ZQT;4HLW;4K7A;4OEA;4OED;4OEY;4OEZ;4OFR;4OFU;4OGH;4OH5;4OH6;4OHA;4OIL;4OIU;4OJ9;4OJB;4OK1;4OKB;4OKT;4OKW;4OKX;4OLM;4QL8;5CJ6;5JJM;5T8E;5T8J;5V8Q;5VO4;7ZTX;7ZTZ;7ZU1;7ZU2;8E1A;8FGY;8FGZ;8FH0;8FH1;8FH2;	PF02166;PF00104;PF00105;
CHEMBL218	P21554	reviewed	CNR1_HUMAN	Cannabinoid receptor 1 (CB-R) (CB1) (CANN6)	CNR1 CNR	Homo sapiens (Human)	472	MKSILDGLADTTFRTITTDLLYVGSNDIQYEDIKGDMASKLGYFPQKFPLTSFRGSPFQEKMTAGDNPQLVPADQVNITEFYNKSLSSFKENEENIQCGENFMDIECFMVLNPSQQLAIAVLSLTLGTFTVLENLLVLCVILHSRSLRCRPSYHFIGSLAVADLLGSVIFVYSFIDFHVFHRKDSRNVFLFKLGGVTASFTASVGSLFLTAIDRYISIHRPLAYKRIVTRPKAVVAFCLMWTIAIVIAVLPLLGWNCEKLQSVCSDIFPHIDETYLMFWIGVTSVLLLFIVYAYMYILWKAHSHAVRMIQRGTQKSIIIHTSEDGKVQVTRPDQARMDIRLAKTLVLILVVLIICWGPLLAIMVYDVFGKMNKLIKTVFAFCSMLCLLNSTVNPIIYALRSKDLRHAFRSMFPSCEGTAQPLDNSMGDSDCLHKHANNAASVHRAAESCIKSTVKIAKVTMSVSTDTSAEAL	1LVQ;1LVR;2B0Y;2KOE;2MZ2;2MZ3;2MZA;5TGZ;5U09;5XR8;5XRA;6KPG;6KQI;6N4B;7FEE;7V3Z;7WV9;8GHV;	PF00001;
CHEMBL244	P00742	reviewed	FA10_HUMAN	Coagulation factor X (EC 3.4.21.6) (Stuart factor) (Stuart-Prower factor) [Cleaved into: Factor X light chain; Factor X heavy chain; Activated factor Xa heavy chain]	F10	Homo sapiens (Human)	488	MGRPLHLVLLSASLAGLLLLGESLFIRREQANNILARVTRANSFLEEMKKGHLERECMEETCSYEEAREVFEDSDKTNEFWNKYKDGDQCETSPCQNQGKCKDGLGEYTCTCLEGFEGKNCELFTRKLCSLDNGDCDQFCHEEQNSVVCSCARGYTLADNGKACIPTGPYPCGKQTLERRKRSVAQATSSSGEAPDSITWKPYDAADLDPTENPFDLLDFNQTQPERGDNNLTRIVGGQECKDGECPWQALLINEENEGFCGGTILSEFYILTAAHCLYQAKRFKVRVGDRNTEQEEGGEAVHEVEVVIKHNRFTKETYDFDIAVLRLKTPITFRMNVAPACLPERDWAESTLMTQKTGIVSGFGRTHEKGRQSTRLKMLEVPYVDRNSCKLSSSFIITQNMFCAGYDTKQEDACQGDSGGPHVTRFKDTYFVTGIVSWGEGCARKGKYGIYTKVTAFLKWIDRSMKTRGLPKAKSHAPEVITSSPLK	1C5M;1EZQ;1F0R;1F0S;1FAX;1FJS;1FXY;1G2L;1G2M;1HCG;1IOE;1IQE;1IQF;1IQG;1IQH;1IQI;1IQJ;1IQK;1IQL;1IQM;1IQN;1KSN;1LPG;1LPK;1LPZ;1LQD;1MQ5;1MQ6;1NFU;1NFW;1NFX;1NFY;1P0S;1V3X;1WU1;1XKA;1XKB;1Z6E;2BMG;2BOH;2BOK;2BQ6;2BQ7;2BQW;2CJI;2D1J;2EI6;2EI7;2EI8;2FZZ;2G00;2GD4;2H9E;2J2U;2J34;2J38;2J4I;2J94;2J95;2JKH;2P16;2P3F;2P3T;2P3U;2P93;2P94;2P95;2PHB;2PR3;2Q1J;2RA0;2UWL;2UWO;2UWP;2VH0;2VH6;2VVC;2VVU;2VVV;2VWL;2VWM;2VWN;2VWO;2W26;2W3I;2W3K;2WYG;2WYJ;2XBV;2XBW;2XBX;2XBY;2XC0;2XC4;2XC5;2Y5F;2Y5G;2Y5H;2Y7X;2Y7Z;2Y80;2Y81;2Y82;3CEN;3CS7;3ENS;3FFG;3HPT;3IIT;3K9X;3KL6;3KQB;3KQC;3KQD;3KQE;3LIW;3M36;3M37;3Q3K;3SW2;3TK5;3TK6;4A7I;4BTI;4BTT;4BTU;4Y6D;4Y71;4Y76;4Y79;4Y7A;4Y7B;4ZH8;4ZHA;5JQY;5JTC;5JZ8;5JZU;5K0H;5VOE;5VOF;6Q9F;6Q9I;6RK9;6YYW;6YYX;6YYY;6Z6Q;6Z6R;7AHU;7BMI;7BMJ;7E6J;7TPP;7TPQ;	PF00008;PF14670;PF00594;PF00089;
CHEMBL236	P41143	reviewed	OPRD_HUMAN	Delta-type opioid receptor (D-OR-1) (DOR-1)	OPRD1 OPRD	Homo sapiens (Human)	372	MEPAPSAGAELQPPLFANASDAYPSACPSAGANASGPPGARSASSLALAIAITALYSAVCAVGLLGNVLVMFGIVRYTKMKTATNIYIFNLALADALATSTLPFQSAKYLMETWPFGELLCKAVLSIDYYNMFTSIFTLTMMSVDRYIAVCHPVKALDFRTPAKAKLINICIWVLASGVGVPIMVMAVTRPRDGAVVCMLQFPSPSWYWDTVTKICVFLFAFVVPILIITVCYGLMLLRLRSVRLLSGSKEKDRSLRRITRMVLVVVGAFVVCWAPIHIFVIVWTLVDIDRRDPLVVAALHLCIALGYANSSLNPVLYAFLDENFKRCFRQLCRKPCGRPDPSSFSRAREATARERVTACTPSDGPGGGAAA	4N6H;4RWA;4RWD;6PT2;6PT3;8F7S;	PF00001;
CHEMBL234	P35462	reviewed	DRD3_HUMAN	D(3) dopamine receptor (Dopamine D3 receptor)	DRD3	Homo sapiens (Human)	400	MASLSQLSGHLNYTCGAENSTGASQARPHAYYALSYCALILAIVFGNGLVCMAVLKERALQTTTNYLVVSLAVADLLVATLVMPWVVYLEVTGGVWNFSRICCDVFVTLDVMMCTASILNLCAISIDRYTAVVMPVHYQHGTGQSSCRRVALMITAVWVLAFAVSCPLLFGFNTTGDPTVCSISNPDFVIYSSVVSFYLPFGVTVLVYARIYVVLKQRRRKRILTRQNSQCNSVRPGFPQQTLSPDPAHLELKRYYSICQDTALGGPGFQERGGELKREEKTRNSLSPTIAPKLSLEVRKLSNGRLSTSLKLGPLQPRGVPLREKKATQMVAIVLGAFIVCWLPFFLTHVLNTHCQTCHVSPELYSATTWLGYVNSALNPVIYTTFNIEFRKAFLKILSC	3PBL;7CMU;7CMV;	PF00001;
CHEMBL219	P21917	reviewed	DRD4_HUMAN	D(4) dopamine receptor (D(2C) dopamine receptor) (Dopamine D4 receptor)	DRD4	Homo sapiens (Human)	419	MGNRSTADADGLLAGRGPAAGASAGASAGLAGQGAAALVGGVLLIGAVLAGNSLVCVSVATERALQTPTNSFIVSLAAADLLLALLVLPLFVYSEVQGGAWLLSPRLCDALMAMDVMLCTASIFNLCAISVDRFVAVAVPLRYNRQGGSRRQLLLIGATWLLSAAVAAPVLCGLNDVRGRDPAVCRLEDRDYVVYSSVCSFFLPCPLMLLLYWATFRGLQRWEVARRAKLHGRAPRRPSGPGPPSPTPPAPRLPQDPCGPDCAPPAPGLPRGPCGPDCAPAAPSLPQDPCGPDCAPPAPGLPPDPCGSNCAPPDAVRAAALPPQTPPQTRRRRRAKITGRERKAMRVLPVVVGAFLLCWTPFFVVHITQALCPACSVPPRLVSAVTWLGYVNSALNPVIYTVFNAEFRNVFRKALRACC	5WIU;5WIV;	PF00001;
CHEMBL238	Q01959	reviewed	SC6A3_HUMAN	Sodium-dependent dopamine transporter (DA transporter) (DAT) (Solute carrier family 6 member 3)	SLC6A3 DAT1	Homo sapiens (Human)	620	MSKSKCSVGLMSSVVAPAKEPNAVGPKEVELILVKEQNGVQLTSSTLTNPRQSPVEAQDRETWGKKIDFLLSVIGFAVDLANVWRFPYLCYKNGGGAFLVPYLLFMVIAGMPLFYMELALGQFNREGAAGVWKICPILKGVGFTVILISLYVGFFYNVIIAWALHYLFSSFTTELPWIHCNNSWNSPNCSDAHPGDSSGDSSGLNDTFGTTPAAEYFERGVLHLHQSHGIDDLGPPRWQLTACLVLVIVLLYFSLWKGVKTSGKVVWITATMPYVVLTALLLRGVTLPGAIDGIRAYLSVDFYRLCEASVWIDAATQVCFSLGVGFGVLIAFSSYNKFTNNCYRDAIVTTSINSLTSFSSGFVVFSFLGYMAQKHSVPIGDVAKDGPGLIFIIYPEAIATLPLSSAWAVVFFIMLLTLGIDSAMGGMESVITGLIDEFQLLHRHRELFTLFIVLATFLLSLFCVTNGGIYVFTLLDHFAAGTSILFGVLIEAIGVAWFYGVGQFSDDIQQMTGQRPSLYWRLCWKLVSPCFLLFVVVVSIVTFRPPHYGAYIFPDWANALGWVIATSSMAMVPIYAAYKFCSLPGSFREKLAYAIAPEKDRELVDRGEVRQFTLRHWLKV		PF00209;
CHEMBL4203	Q9HAZ1	reviewed	CLK4_HUMAN	Dual specificity protein kinase CLK4 (EC 2.7.12.1) (CDC-like kinase 4)	CLK4	Homo sapiens (Human)	481	MRHSKRTHCPDWDSRESWGHESYRGSHKRKRRSHSSTQENRHCKPHHQFKESDCHYLEARSLNERDYRDRRYVDEYRNDYCEGYVPRHYHRDIESGYRIHCSKSSVRSRRSSPKRKRNRHCSSHQSRSKSHRRKRSRSIEDDEEGHLICQSGDVLRARYEIVDTLGEGAFGKVVECIDHGMDGMHVAVKIVKNVGRYREAARSEIQVLEHLNSTDPNSVFRCVQMLEWFDHHGHVCIVFELLGLSTYDFIKENSFLPFQIDHIRQMAYQICQSINFLHHNKLTHTDLKPENILFVKSDYVVKYNSKMKRDERTLKNTDIKVVDFGSATYDDEHHSTLVSTRHYRAPEVILALGWSQPCDVWSIGCILIEYYLGFTVFQTHDSKEHLAMMERILGPIPQHMIQKTRKRKYFHHNQLDWDEHSSAGRYVRRRCKPLKEFMLCHDEEHEKLFDLVRRMLEYDPTQRITLDEALQHPFFDLLKKK	6FYV;	PF00069;
CHEMBL2047	Q96RI1	reviewed	NR1H4_HUMAN	Bile acid receptor (Farnesoid X-activated receptor) (Farnesol receptor HRR-1) (Nuclear receptor subfamily 1 group H member 4) (Retinoid X receptor-interacting protein 14) (RXR-interacting protein 14)	NR1H4 BAR FXR HRR1 RIP14	Homo sapiens (Human)	486	MVMQFQGLENPIQISPHCSCTPSGFFMEMMSMKPAKGVLTEQVAGPLGQNLEVEPYSQYSNVQFPQVQPQISSSSYYSNLGFYPQQPEEWYSPGIYELRRMPAETLYQGETEVAEMPVTKKPRMGASAGRIKGDELCVVCGDRASGYHYNALTCEGCKGFFRRSITKNAVYKCKNGGNCVMDMYMRRKCQECRLRKCKEMGMLAECMYTGLLTEIQCKSKRLRKNVKQHADQTVNEDSEGRDLRQVTSTTKSCREKTELTPDQQTLLHFIMDSYNKQRMPQEITNKILKEEFSAEENFLILTEMATNHVQVLVEFTKKLPGFQTLDHEDQIALLKGSAVEAMFLRSAEIFNKKLPSGHSDLLEERIRNSGISDEYITPMFSFYKSIGELKMTQEEYALLTAIVILSPDRQYIKDREAVEKLQEPLLDVLQKLCKIHQPENPQHFACLLGRLTELRTFNHHHAEMLMSWRVNDHKFTPLLCEIWDVQ	1OSH;3BEJ;3DCT;3DCU;3FLI;3FXV;3GD2;3HC5;3HC6;3L1B;3OKH;3OKI;3OLF;3OMK;3OMM;3OOF;3OOK;3P88;3P89;3RUT;3RUU;3RVF;4OIV;4QE8;4WVD;5IAW;5ICK;5Q0I;5Q0J;5Q0K;5Q0L;5Q0M;5Q0N;5Q0O;5Q0P;5Q0Q;5Q0R;5Q0S;5Q0T;5Q0U;5Q0V;5Q0W;5Q0X;5Q0Y;5Q0Z;5Q10;5Q11;5Q12;5Q13;5Q14;5Q15;5Q16;5Q17;5Q18;5Q19;5Q1A;5Q1B;5Q1C;5Q1D;5Q1E;5Q1F;5Q1G;5Q1H;5Q1I;5WZX;5Y1J;5Y44;5Y49;5YXB;5YXD;5YXJ;5YXL;5Z12;6A5W;6A5X;6A5Y;6A5Z;6A60;6HL0;6HL1;6ITM;7D42;7TRB;7VUE;	PF00104;PF00105;
CHEMBL4616	Q92847	reviewed	GHSR_HUMAN	Growth hormone secretagogue receptor type 1 (GHS-R) (GH-releasing peptide receptor) (GHRP) (Ghrelin receptor)	GHSR	Homo sapiens (Human)	366	MWNATPSEEPGFNLTLADLDWDASPGNDSLGDELLQLFPAPLLAGVTATCVALFVVGIAGNLLTMLVVSRFRELRTTTNLYLSSMAFSDLLIFLCMPLDLVRLWQYRPWNFGDLLCKLFQFVSESCTYATVLTITALSVERYFAICFPLRAKVVVTKGRVKLVIFVIWAVAFCSAGPIFVLVGVEHENGTDPWDTNECRPTEFAVRSGLLTVMVWVSSIFFFLPVFCLTVLYSLIGRKLWRRRRGDAVVGASLRDQNHKQTVKMLAVVVFAFILCWLPFHVGRYLFSKSFEPGSLEIAQISQYCNLVSFVLFYLSAAINPILYNIMSKKYRVAVFRLLGFEPFSQRKLSTLKDESSRAWTESSINT	6KO5;7F9Y;7F9Z;7NA7;7NA8;7W2Z;	PF00001;
CHEMBL2034	P04150	reviewed	GCR_HUMAN	Glucocorticoid receptor (GR) (Nuclear receptor subfamily 3 group C member 1)	NR3C1 GRL	Homo sapiens (Human)	777	MDSKESLTPGREENPSSVLAQERGDVMDFYKTLRGGATVKVSASSPSLAVASQSDSKQRRLLVDFPKGSVSNAQQPDLSKAVSLSMGLYMGETETKVMGNDLGFPQQGQISLSSGETDLKLLEESIANLNRSTSVPENPKSSASTAVSAAPTEKEFPKTHSDVSSEQQHLKGQTGTNGGNVKLYTTDQSTFDILQDLEFSSGSPGKETNESPWRSDLLIDENCLLSPLAGEDDSFLLEGNSNEDCKPLILPDTKPKIKDNGDLVLSSPSNVTLPQVKTEKEDFIELCTPGVIKQEKLGTVYCQASFPGANIIGNKMSAISVHGVSTSGGQMYHYDMNTASLSQQQDQKPIFNVIPPIPVGSENWNRCQGSGDDNLTSLGTLNFPGRTVFSNGYSSPSMRPDVSSPPSSSSTATTGPPPKLCLVCSDEASGCHYGVLTCGSCKVFFKRAVEGQHNYLCAGRNDCIIDKIRRKNCPACRYRKCLQAGMNLEARKTKKKIKGIQQATTGVSQETSENPGNKTIVPATLPQLTPTLVSLLEVIEPEVLYAGYDSSVPDSTWRIMTTLNMLGGRQVIAAVKWAKAIPGFRNLHLDDQMTLLQYSWMFLMAFALGWRSYRQSSANLLCFAPDLIINEQRMTLPCMYDQCKHMLYVSSELHRLQVSYEEYLCMKTLLLLSSVPKDGLKSQELFDEIRMTYIKELGKAIVKREGNSSQNWQRFYQLTKLLDSMHEVVENLLNYCFQTFLDKTMSIEFPEMLAEIITNQIPKYSNGNIKKLLFHQK	1M2Z;1NHZ;1P93;3BQD;3CLD;3E7C;3H52;3K22;3K23;4CSJ;4HN5;4HN6;4LSJ;4MDD;4P6W;4P6X;4UDC;4UDD;5CBX;5CBY;5CBZ;5CC1;5E69;5E6A;5E6B;5E6C;5E6D;5EMC;5EMP;5EMQ;5G3J;5G5W;5NFP;5NFT;5UC3;5VA0;5VA7;6BQU;6CFN;6DXK;6EL6;6EL7;6EL9;6X6D;6X6E;6YMO;6YO8;6YOS;7KRJ;7KW7;7PRV;7PRW;7PRX;8A9G;	PF02155;PF00104;PF00105;
CHEMBL262	P49841	reviewed	GSK3B_HUMAN	Glycogen synthase kinase-3 beta (GSK-3 beta) (EC 2.7.11.26) (Serine/threonine-protein kinase GSK3B) (EC 2.7.11.1)	GSK3B	Homo sapiens (Human)	420	MSGRPRTTSFAESCKPVQQPSAFGSMKVSRDKDGSKVTTVVATPGQGPDRPQEVSYTDTKVIGNGSFGVVYQAKLCDSGELVAIKKVLQDKRFKNRELQIMRKLDHCNIVRLRYFFYSSGEKKDEVYLNLVLDYVPETVYRVARHYSRAKQTLPVIYVKLYMYQLFRSLAYIHSFGICHRDIKPQNLLLDPDTAVLKLCDFGSAKQLVRGEPNVSYICSRYYRAPELIFGATDYTSSIDVWSAGCVLAELLLGQPIFPGDSGVDQLVEIIKVLGTPTREQIREMNPNYTEFKFPQIKAHPWTKVFRPRTPPEAIALCSRLLEYTPTARLTPLEACAHSFFDELRDPNVKLPNGRDTPALFNFTTQELSSNPPLATILIPPHARIQAAASTPTNATAASDANTGDRGQTNNAASASASNST	1GNG;1H8F;1I09;1J1B;1J1C;1O6K;1O6L;1O9U;1PYX;1Q3D;1Q3W;1Q41;1Q4L;1Q5K;1R0E;1UV5;2JDO;2JDR;2JLD;2O5K;2OW3;2UW9;2X39;2XH5;3CQU;3CQW;3DU8;3E87;3E88;3E8D;3F7Z;3F88;3GB2;3I4B;3L1S;3M1S;3MV5;3OW4;3PUP;3Q3B;3QKK;3SAY;3SD0;3ZDI;3ZRK;3ZRL;3ZRM;4ACC;4ACD;4ACG;4ACH;4AFJ;4B7T;4DIT;4EKK;4IQ6;4J1R;4J71;4NM0;4NM3;4NM5;4NM7;4PTC;4PTE;4PTG;5F94;5F95;5HLN;5HLP;5K5N;5KPK;5KPL;5KPM;5OY4;5T31;6B8J;6BUU;6GJO;6GN1;6H0U;6HK3;6HK4;6HK7;6NPZ;6TCU;6V6L;6Y9R;6Y9S;7B6F;7OY5;7U2Z;7U31;7U33;7U36;7Z1F;7Z1G;8AUZ;8AV1;8DJC;8DJD;8DJE;	PF00069;
CHEMBL231	P35367	reviewed	HRH1_HUMAN	Histamine H1 receptor (H1R) (HH1R)	HRH1	Homo sapiens (Human)	487	MSLPNSSCLLEDKMCEGNKTTMASPQLMPLVVVLSTICLVTVGLNLLVLYAVRSERKLHTVGNLYIVSLSVADLIVGAVVMPMNILYLLMSKWSLGRPLCLFWLSMDYVASTASIFSVFILCIDRYRSVQQPLRYLKYRTKTRASATILGAWFLSFLWVIPILGWNHFMQQTSVRREDKCETDFYDVTWFKVMTAIINFYLPTLLMLWFYAKIYKAVRQHCQHRELINRSLPSFSEIKLRPENPKGDAKKPGKESPWEVLKRKPKDAGGGSVLKSPSQTPKEMKSPVVFSQEDDREVDKLYCFPLDIVHMQAAAEGSSRDYVAVNRSHGQLKTDEQGLNTHGASEISEDQMLGDSQSFSRTDSDTTTETAPGKGKLRSGSNTGLDYIKFTWKRLRSHSRQYVSGLHMNRERKAAKQLGFIMAAFILCWIPYFIFFMVIAFCKNCCNEHLHMFTIWLGYINSTLNPLIYPLCNENFKKTFKRILHIRS	3RZE;7DFL;	PF00001;
CHEMBL264	Q9Y5N1	reviewed	HRH3_HUMAN	Histamine H3 receptor (H3R) (HH3R) (G-protein coupled receptor 97)	HRH3 GPCR97	Homo sapiens (Human)	445	MERAPPDGPLNASGALAGEAAAAGGARGFSAAWTAVLAALMALLIVATVLGNALVMLAFVADSSLRTQNNFFLLNLAISDFLVGAFCIPLYVPYVLTGRWTFGRGLCKLWLVVDYLLCTSSAFNIVLISYDRFLSVTRAVSYRAQQGDTRRAVRKMLLVWVLAFLLYGPAILSWEYLSGGSSIPEGHCYAEFFYNWYFLITASTLEFFTPFLSVTFFNLSIYLNIQRRTRLRLDGAREAAGPEPPPEAQPSPPPPPGCWGCWQKGHGEAMPLHRYGVGEAAVGAEAGEATLGGGGGGGSVASPTSSSGSSSRGTERPRSLKRGSKPSASSASLEKRMKMVSQSFTQRFRLSRDRKVAKSLAVIVSIFGLCWAPYTLLMIIRAACHGHCVPDYWYETSFWLLWANSAVNPVLYPLCHHSFRRAFTKLLCPQKLKIQPHSSLEHCWK	7F61;	PF00001;
CHEMBL2835	P23458	reviewed	JAK1_HUMAN	Tyrosine-protein kinase JAK1 (EC 2.7.10.2) (Janus kinase 1) (JAK-1)	JAK1 JAK1A JAK1B	Homo sapiens (Human)	1154	MQYLNIKEDCNAMAFCAKMRSSKKTEVNLEAPEPGVEVIFYLSDREPLRLGSGEYTAEELCIRAAQACRISPLCHNLFALYDENTKLWYAPNRTITVDDKMSLRLHYRMRFYFTNWHGTNDNEQSVWRHSPKKQKNGYEKKKIPDATPLLDASSLEYLFAQGQYDLVKCLAPIRDPKTEQDGHDIENECLGMAVLAISHYAMMKKMQLPELPKDISYKRYIPETLNKSIRQRNLLTRMRINNVFKDFLKEFNNKTICDSSVSTHDLKVKYLATLETLTKHYGAEIFETSMLLISSENEMNWFHSNDGGNVLYYEVMVTGNLGIQWRHKPNVVSVEKEKNKLKRKKLENKHKKDEEKNKIREEWNNFSYFPEITHIVIKESVVSINKQDNKKMELKLSSHEEALSFVSLVDGYFRLTADAHHYLCTDVAPPLIVHNIQNGCHGPICTEYAINKLRQEGSEEGMYVLRWSCTDFDNILMTVTCFEKSEQVQGAQKQFKNFQIEVQKGRYSLHGSDRSFPSLGDLMSHLKKQILRTDNISFMLKRCCQPKPREISNLLVATKKAQEWQPVYPMSQLSFDRILKKDLVQGEHLGRGTRTHIYSGTLMDYKDDEGTSEEKKIKVILKVLDPSHRDISLAFFEAASMMRQVSHKHIVYLYGVCVRDVENIMVEEFVEGGPLDLFMHRKSDVLTTPWKFKVAKQLASALSYLEDKDLVHGNVCTKNLLLAREGIDSECGPFIKLSDPGIPITVLSRQECIERIPWIAPECVEDSKNLSVAADKWSFGTTLWEICYNGEIPLKDKTLIEKERFYESRCRPVTPSCKELADLMTRCMNYDPNQRPFFRAIMRDINKLEEQNPDIVSEKKPATEVDPTHFEKRFLKRIRDLGEGHFGKVELCRYDPEGDNTGEQVAVKSLKPESGGNHIADLKKEIEILRNLYHENIVKYKGICTEDGGNGIKLIMEFLPSGSLKEYLPKNKNKINLKQQLKYAVQICKGMDYLGSRQYVHRDLAARNVLVESEHQVKIGDFGLTKAIETDKEYYTVKDDRDSPVFWYAPECLMQSKFYIASDVWSFGVTLHELLTYCDSDSSPMALFLKMIGPTHGQMTVTRLVNTLKEGKRLPCPPNCPDEVYQLMRKCWEFQPSNRTSFQNLIEGFEALLK	3EYG;3EYH;4E4L;4E4N;4E5W;4EHZ;4EI4;4FK6;4GS0;4I5C;4IVB;4IVC;4IVD;4K6Z;4K77;4L00;4L01;5E1E;5HX8;5IXD;5IXI;5KHW;5KHX;5L04;5WO4;6AAH;6BBU;6C7Y;6DBN;6ELR;6GGH;6HZU;6N77;6N78;6N79;6N7A;6N7B;6N7C;6N7D;6RSB;6RSC;6RSD;6RSE;6RSH;6SM8;6SMB;6TPE;6TPF;6W8L;	PF18379;PF18377;PF17887;PF07714;
CHEMBL2971	O60674	reviewed	JAK2_HUMAN	Tyrosine-protein kinase JAK2 (EC 2.7.10.2) (Janus kinase 2) (JAK-2)	JAK2	Homo sapiens (Human)	1132	MGMACLTMTEMEGTSTSSIYQNGDISGNANSMKQIDPVLQVYLYHSLGKSEADYLTFPSGEYVAEEICIAASKACGITPVYHNMFALMSETERIWYPPNHVFHIDESTRHNVLYRIRFYFPRWYCSGSNRAYRHGISRGAEAPLLDDFVMSYLFAQWRHDFVHGWIKVPVTHETQEECLGMAVLDMMRIAKENDQTPLAIYNSISYKTFLPKCIRAKIQDYHILTRKRIRYRFRRFIQQFSQCKATARNLKLKYLINLETLQSAFYTEKFEVKEPGSGPSGEEIFATIIITGNGGIQWSRGKHKESETLTEQDLQLYCDFPNIIDVSIKQANQEGSNESRVVTIHKQDGKNLEIELSSLREALSFVSLIDGYYRLTADAHHYLCKEVAPPAVLENIQSNCHGPISMDFAISKLKKAGNQTGLYVLRCSPKDFNKYFLTFAVERENVIEYKHCLITKNENEEYNLSGTKKNFSSLKDLLNCYQMETVRSDNIIFQFTKCCPPKPKDKSNLLVFRTNGVSDVPTSPTLQRPTHMNQMVFHKIRNEDLIFNESLGQGTFTKIFKGVRREVGDYGQLHETEVLLKVLDKAHRNYSESFFEAASMMSKLSHKHLVLNYGVCVCGDENILVQEFVKFGSLDTYLKKNKNCINILWKLEVAKQLAWAMHFLEENTLIHGNVCAKNILLIREEDRKTGNPPFIKLSDPGISITVLPKDILQERIPWVPPECIENPKNLNLATDKWSFGTTLWEICSGGDKPLSALDSQRKLQFYEDRHQLPAPKWAELANLINNCMDYEPDFRPSFRAIIRDLNSLFTPDYELLTENDMLPNMRIGALGFSGAFEDRDPTQFEERHLKFLQQLGKGNFGSVEMCRYDPLQDNTGEVVAVKKLQHSTEEHLRDFEREIEILKSLQHDNIVKYKGVCYSAGRRNLKLIMEYLPYGSLRDYLQKHKERIDHIKLLQYTSQICKGMEYLGTKRYIHRDLATRNILVENENRVKIGDFGLTKVLPQDKEYYKVKEPGESPIFWYAPESLTESKFSVASDVWSFGVVLYELFTYIEKSKSPPAEFMRMIGNDKQGQMIVFHLIELLKNNGRLPRPDGCPDEIYMIMTECWNNNVNQRPSFRDLALRVDQIRDNMAG	2B7A;2W1I;2XA4;3E62;3E63;3E64;3FUP;3IO7;3IOK;3JY9;3KCK;3KRR;3LPB;3Q32;3RVG;3TJC;3TJD;3UGC;3ZMM;4AQC;4BBE;4BBF;4C61;4C62;4D0W;4D0X;4D1S;4E4M;4E6D;4E6Q;4F08;4F09;4FVP;4FVQ;4FVR;4GFM;4GMY;4HGE;4IVA;4JI9;4JIA;4P7E;4YTC;4YTF;4YTH;4YTI;4Z32;4ZIM;5AEP;5CF4;5CF5;5CF6;5CF8;5HEZ;5I4N;5L3A;5TQ3;5TQ4;5TQ5;5TQ6;5TQ7;5TQ8;5USY;5USZ;5UT0;5UT1;5UT2;5UT3;5UT4;5UT5;5UT6;5WEV;5WIJ;5WIK;5WIL;5WIM;5WIN;6AAJ;6BBV;6BRW;6BS0;6BSS;6D2I;6DRW;6E2P;6E2Q;6G3C;6M9H;6OAV;6OBB;6OBF;6OBL;6OCC;6TPD;6VGL;6VN8;6VNB;6VNC;6VNE;6VNF;6VNG;6VNH;6VNI;6VNJ;6VNK;6VNL;6VNM;6VS3;6VSN;6WTN;6WTO;6WTP;6WTQ;6X8E;6XJK;7F7W;7JYO;7JYQ;7LL4;7LL5;7Q7I;7Q7K;7Q7L;7Q7W;7REE;7RN6;7T0P;7T1T;7UYW;8B8N;8B8U;8B99;8B9E;8B9H;8BA2;8BA3;8BA4;8BAB;8BAK;8EX0;8EX1;8EX2;	PF18379;PF18377;PF17887;PF07714;PF00017;
CHEMBL237	P41145	reviewed	OPRK_HUMAN	Kappa-type opioid receptor (K-OR-1) (KOR-1)	OPRK1 OPRK	Homo sapiens (Human)	380	MDSPIQIFRGEPGPTCAPSACLPPNSSAWFPGWAEPDSNGSAGSEDAQLEPAHISPAIPVIITAVYSVVFVVGLVGNSLVMFVIIRYTKMKTATNIYIFNLALADALVTTTMPFQSTVYLMNSWPFGDVLCKIVISIDYYNMFTSIFTLTMMSVDRYIAVCHPVKALDFRTPLKAKIINICIWLLSSSVGISAIVLGGTKVREDVDVIECSLQFPDDDYSWWDLFMKICVFIFAFVIPVLIIIVCYTLMILRLKSVRLLSGSREKDRNLRRITRLVLVVVAVFVVCWTPIHIFILVEALGSTSHSTAALSSYYFCIALGYTNSSLNPILYAFLDENFKRCFRDFCFPLKMRMERQSTSRVRNTVQDPAYLRDIDGMNKPV	4DJH;6B73;6VI4;7T10;7T11;7UL2;7UL3;7UL5;7Y1F;7YIT;8DZP;8DZQ;8DZR;8DZS;8F7W;	PF00001;
CHEMBL4792	O43614	reviewed	OX2R_HUMAN	Orexin receptor type 2 (Ox-2-R) (Ox2-R) (Ox2R) (Hypocretin receptor type 2)	HCRTR2	Homo sapiens (Human)	444	MSGTKLEDSPPCRNWSSASELNETQEPFLNPTDYDDEEFLRYLWREYLHPKEYEWVLIAGYIIVFVVALIGNVLVCVAVWKNHHMRTVTNYFIVNLSLADVLVTITCLPATLVVDITETWFFGQSLCKVIPYLQTVSVSVSVLTLSCIALDRWYAICHPLMFKSTAKRARNSIVIIWIVSCIIMIPQAIVMECSTVFPGLANKTTLFTVCDERWGGEIYPKMYHICFFLVTYMAPLCLMVLAYLQIFRKLWCRQIPGTSSVVQRKWKPLQPVSQPRGPGQPTKSRMSAVAAEIKQIRARRKTARMLMIVLLVFAICYLPISILNVLKRVFGMFAHTEDRETVYAWFTFSHWLVYANSAANPIIYNFLSGKFREEFKAAFSCCCLGVHHRQEDRLTRGRTSTESRKSLTTQISNFDNISKLSEQVVLTSISTLPAANGAGPLQNW	4S0V;5WQC;5WS3;6TPG;6TPJ;6TPN;7L1U;7L1V;7SQO;7SR8;7XRR;	PF00001;PF03827;
CHEMBL239	Q07869	reviewed	PPARA_HUMAN	Peroxisome proliferator-activated receptor alpha (PPAR-alpha) (Nuclear receptor subfamily 1 group C member 1)	PPARA NR1C1 PPAR	Homo sapiens (Human)	468	MVDTESPLCPLSPLEAGDLESPLSEEFLQEMGNIQEISQSIGEDSSGSFGFTEYQYLGSCPGSDGSVITDTLSPASSPSSVTYPVVPGSVDESPSGALNIECRICGDKASGYHYGVHACEGCKGFFRRTIRLKLVYDKCDRSCKIQKKNRNKCQYCRFHKCLSVGMSHNAIRFGRMPRSEKAKLKAEILTCEHDIEDSETADLKSLAKRIYEAYLKNFNMNKVKARVILSGKASNNPPFVIHDMETLCMAEKTLVAKLVANGIQNKEAEVRIFHCCQCTSVETVTELTEFAKAIPGFANLDLNDQVTLLKYGVYEAIFAMLSSVMNKDGMLVAYGNGFITREFLKSLRKPFCDIMEPKFDFAMKFNALELDDSDISLFVAAIICCGDRPGLLNVGHIEKMQEGIVHVLRLHLQSNHPDDIFLFPKLLQKMADLRQLVTEHAQLVQIIKKTESDAALHPLLQEIYRDMY	1I7G;1K7L;1KKQ;2NPA;2P54;2REW;2ZNN;3ET1;3FEI;3G8I;3KDT;3KDU;3SP6;3VI8;4BCR;4CI4;5AZT;5HYK;6KAX;6KAY;6KAZ;6KB0;6KB1;6KB2;6KB3;6KB4;6KB5;6KB6;6KB7;6KB8;6KB9;6KBA;6KXX;6KXY;6KYP;6L36;6L37;6L38;6L96;6LX4;6LX5;6LX6;6LX7;6LX8;6LX9;6LXA;6LXB;6LXC;7BPY;7BPZ;7BQ0;7BQ1;7BQ2;7BQ3;7BQ4;7C6Q;7E5F;7E5G;7E5H;7E5I;	PF00104;PF00105;
CHEMBL3979	Q03181	reviewed	PPARD_HUMAN	Peroxisome proliferator-activated receptor delta (PPAR-delta) (NUCI) (Nuclear hormone receptor 1) (NUC1) (Nuclear receptor subfamily 1 group C member 2) (Peroxisome proliferator-activated receptor beta) (PPAR-beta)	PPARD NR1C2 PPARB	Homo sapiens (Human)	441	MEQPQEEAPEVREEEEKEEVAEAEGAPELNGGPQHALPSSSYTDLSRSSSPPSLLDQLQMGCDGASCGSLNMECRVCGDKASGFHYGVHACEGCKGFFRRTIRMKLEYEKCERSCKIQKKNRNKCQYCRFQKCLALGMSHNAIRFGRMPEAEKRKLVAGLTANEGSQYNPQVADLKAFSKHIYNAYLKNFNMTKKKARSILTGKASHTAPFVIHDIETLWQAEKGLVWKQLVNGLPPYKEISVHVFYRCQCTTVETVRELTEFAKSIPSFSSLFLNDQVTLLKYGVHEAIFAMLASIVNKDGLLVANGSGFVTREFLRSLRKPFSDIIEPKFEFAVKFNALELDDSDLALFIAAIILCGDRPGLMNVPRVEAIQDTILRALEFHLQANHPDAQYLFPKLLQKMADLRQLVTEHAQMMQRIKKTETETSLHPLLQEIYKDMY	1GWX;1Y0S;2AWH;2B50;2BAW;2ENV;2GWX;2J14;2Q5G;2XYJ;2XYW;2XYX;2ZNP;2ZNQ;3D5F;3DY6;3ET2;3GWX;3GZ9;3OZ0;3PEQ;3SP9;3TKM;5U3Q;5U3R;5U3S;5U3T;5U3U;5U3V;5U3W;5U3X;5U3Y;5U3Z;5U40;5U41;5U42;5U43;5U44;5U45;5U46;5XMX;5Y7X;5ZXI;6A6P;7F80;7VWE;7VWF;7VWG;7VWH;7W0G;7WGL;7WGN;	PF00104;PF00105;
CHEMBL235	P37231	reviewed	PPARG_HUMAN	Peroxisome proliferator-activated receptor gamma (PPAR-gamma) (Nuclear receptor subfamily 1 group C member 3)	PPARG NR1C3	Homo sapiens (Human)	505	MGETLGDSPIDPESDSFTDTLSANISQEMTMVDTEMPFWPTNFGISSVDLSVMEDHSHSFDIKPFTTVDFSSISTPHYEDIPFTRTDPVVADYKYDLKLQEYQSAIKVEPASPPYYSEKTQLYNKPHEEPSNSLMAIECRVCGDKASGFHYGVHACEGCKGFFRRTIRLKLIYDRCDLNCRIHKKSRNKCQYCRFQKCLAVGMSHNAIRFGRMPQAEKEKLLAEISSDIDQLNPESADLRALAKHLYDSYIKSFPLTKAKARAILTGKTTDKSPFVIYDMNSLMMGEDKIKFKHITPLQEQSKEVAIRIFQGCQFRSVEAVQEITEYAKSIPGFVNLDLNDQVTLLKYGVHEIIYTMLASLMNKDGVLISEGQGFMTREFLKSLRKPFGDFMEPKFEFAVKFNALELDDSDLAIFIAVIILSGDRPGLLNVKPIEDIQDNLLQALELQLKLNHPESSQLFAKLLQKMTDLRQIVTEHVQLLQVIKKTETDMSLHPLLQEIYKDLY	1FM6;1FM9;1I7I;1K74;1KNU;1NYX;1PRG;1RDT;1WM0;1ZEO;1ZGY;2ATH;2F4B;2FVJ;2G0G;2G0H;2GTK;2HFP;2HWQ;2HWR;2I4J;2I4P;2I4Z;2OM9;2P4Y;2POB;2PRG;2Q59;2Q5P;2Q5S;2Q61;2Q6R;2Q6S;2Q8S;2QMV;2VSR;2VST;2VV0;2VV1;2VV2;2VV3;2VV4;2XKW;2YFE;2ZK0;2ZK1;2ZK2;2ZK3;2ZK4;2ZK5;2ZK6;2ZNO;2ZVT;3ADS;3ADT;3ADU;3ADV;3ADW;3ADX;3AN3;3AN4;3B0Q;3B0R;3B1M;3B3K;3BC5;3CDP;3CDS;3CS8;3CWD;3D6D;3DZU;3DZY;3E00;3ET0;3ET3;3FEJ;3FUR;3G9E;3GBK;3H0A;3HO0;3HOD;3IA6;3K8S;3KMG;3LMP;3NOA;3OSI;3OSW;3PBA;3PO9;3PRG;3QT0;3R5N;3R8A;3R8I;3S9S;3SZ1;3T03;3TY0;3U9Q;3V9T;3V9V;3V9Y;3VJH;3VJI;3VN2;3VSO;3VSP;3WJ4;3WJ5;3WMH;3X1H;3X1I;4A4V;4A4W;4CI5;4E4K;4E4Q;4EM9;4EMA;4F9M;4FGY;4HEE;4JAZ;4JL4;4L96;4L98;4O8F;4OJ4;4PRG;4PVU;4PWL;4R06;4R2U;4R6S;4XLD;4XTA;4XUH;4XUM;4Y29;4YT1;5AZV;5DSH;5DV3;5DV6;5DV8;5DVC;5DWL;5F9B;5GTN;5GTO;5GTP;5HZC;5JI0;5LSG;5TTO;5TWO;5U5L;5UGM;5WQX;5WR0;5WR1;5Y2O;5Y2T;5YCN;5YCP;5Z5S;5Z6S;6AD9;6AN1;6AUG;6AVI;6C1I;6C5Q;6C5T;6D3E;6D8X;6D94;6DBH;6DCU;6DGL;6DGO;6DGP;6DGQ;6DGR;6DH9;6DHA;6E5A;6ENQ;6F2L;6FZF;6FZG;6FZJ;6FZP;6FZY;6ICJ;6IJR;6IJS;6ILQ;6IZM;6IZN;6JEY;6JF0;6JQ7;6K0T;6KTM;6KTN;6L89;6L8B;6MCZ;6MD0;6MD1;6MD2;6MD4;6MS7;6O67;6O68;6ONI;6ONJ;6PDZ;6QJ5;6T1S;6T1V;6T6B;6T9C;6TDC;6TSG;6VZL;6VZM;6VZN;6VZO;6Y3U;6ZLY;7A7H;7AHJ;7AWC;7AWD;7CXE;7CXF;7CXG;7CXH;7CXI;7CXJ;7CXK;7CXL;7E0A;7E2O;7EFQ;7JQG;7LOT;7P4E;7QB1;7RLE;7SQA;7SQB;7WGO;7WGP;7WGQ;7WOX;8ADF;8AQM;8AQN;8B8W;8B8X;8B8Y;8B8Z;8B90;8B91;8B92;8B93;8B94;8B95;8BF1;8BF2;8BFF;8C0C;8DKN;8DKV;8DSY;8DSZ;	PF00104;PF12577;PF00105;
CHEMBL4005	P42336	reviewed	PK3CA_HUMAN	Phosphatidylinositol 4,5-bisphosphate 3-kinase catalytic subunit alpha isoform (PI3-kinase subunit alpha) (PI3K-alpha) (PI3Kalpha) (PtdIns-3-kinase subunit alpha) (EC 2.7.1.137) (EC 2.7.1.153) (Phosphatidylinositol 4,5-bisphosphate 3-kinase 110 kDa catalytic subunit alpha) (PtdIns-3-kinase subunit p110-alpha) (p110alpha) (Phosphoinositide 3-kinase alpha) (Phosphoinositide-3-kinase catalytic alpha polypeptide) (Serine/threonine protein kinase PIK3CA) (EC 2.7.11.1)	PIK3CA	Homo sapiens (Human)	1068	MPPRPSSGELWGIHLMPPRILVECLLPNGMIVTLECLREATLITIKHELFKEARKYPLHQLLQDESSYIFVSVTQEAEREEFFDETRRLCDLRLFQPFLKVIEPVGNREEKILNREIGFAIGMPVCEFDMVKDPEVQDFRRNILNVCKEAVDLRDLNSPHSRAMYVYPPNVESSPELPKHIYNKLDKGQIIVVIWVIVSPNNDKQKYTLKINHDCVPEQVIAEAIRKKTRSMLLSSEQLKLCVLEYQGKYILKVCGCDEYFLEKYPLSQYKYIRSCIMLGRMPNLMLMAKESLYSQLPMDCFTMPSYSRRISTATPYMNGETSTKSLWVINSALRIKILCATYVNVNIRDIDKIYVRTGIYHGGEPLCDNVNTQRVPCSNPRWNEWLNYDIYIPDLPRAARLCLSICSVKGRKGAKEEHCPLAWGNINLFDYTDTLVSGKMALNLWPVPHGLEDLLNPIGVTGSNPNKETPCLELEFDWFSSVVKFPDMSVIEEHANWSVSREAGFSYSHAGLSNRLARDNELRENDKEQLKAISTRDPLSEITEQEKDFLWSHRHYCVTIPEILPKLLLSVKWNSRDEVAQMYCLVKDWPPIKPEQAMELLDCNYPDPMVRGFAVRCLEKYLTDDKLSQYLIQLVQVLKYEQYLDNLLVRFLLKKALTNQRIGHFFFWHLKSEMHNKTVSQRFGLLLESYCRACGMYLKHLNRQVEAMEKLINLTDILKQEKKDETQKVQMKFLVEQMRRPDFMDALQGFLSPLNPAHQLGNLRLEECRIMSSAKRPLWLNWENPDIMSELLFQNNEIIFKNGDDLRQDMLTLQIIRIMENIWQNQGLDLRMLPYGCLSIGDCVGLIEVVRNSHTIMQIQCKGGLKGALQFNSHTLHQWLKDKNKGEIYDAAIDLFTRSCAGYCVATFILGIGDRHNSNIMVKDDGQLFHIDFGHFLDHKKKKFGYKRERVPFVLTQDFLIVISKGAQECTKTREFERFQEMCYKAYLAIRQHANLFINLFSMMLGSGMPELQSFDDIAYIRKTLALDKTEQEALEYFMKQMNDAHHGGWTTKMDWIFHTIKQHALN	2ENQ;2RD0;3HHM;3HIZ;3ZIM;4JPS;4L1B;4L23;4L2Y;4OVU;4OVV;4TUU;4TV3;4WAF;4YKN;4ZOP;5DXH;5DXT;5FI4;5ITD;5SW8;5SWG;5SWO;5SWP;5SWR;5SWT;5SX8;5SX9;5SXA;5SXB;5SXC;5SXD;5SXE;5SXF;5SXI;5SXJ;5SXK;5UBR;5UK8;5UKJ;5UL1;5XGH;5XGI;5XGJ;6GVF;6GVG;6GVH;6GVI;6NCT;6OAC;6PYS;6VO7;7JIU;7K6M;7K6N;7K6O;7K71;7L1B;7L1C;7L1D;7MLK;7MYN;7MYO;7PG5;7PG6;7R9V;7R9Y;7RRG;7TZ7;8BFU;8BFV;8DCP;8DCX;8DD4;8DD8;8EXL;8EXO;8EXU;8EXV;8GUA;8GUB;8GUD;8OW2;	PF00454;PF00792;PF02192;PF00794;PF00613;
CHEMBL2147	P11309	reviewed	PIM1_HUMAN	Serine/threonine-protein kinase pim-1 (EC 2.7.11.1)	PIM1	Homo sapiens (Human)	313	MLLSKINSLAHLRAAPCNDLHATKLAPGKEKEPLESQYQVGPLLGSGGFGSVYSGIRVSDNLPVAIKHVEKDRISDWGELPNGTRVPMEVVLLKKVSSGFSGVIRLLDWFERPDSFVLILERPEPVQDLFDFITERGALQEELARSFFWQVLEAVRHCHNCGVLHRDIKDENILIDLNRGELKLIDFGSGALLKDTVYTDFDGTRVYSPPEWIRYHRYHGRSAAVWSLGILLYDMVCGDIPFEHDEEIIRGQVFFRQRVSSECQHLIRWCLALRPSDRPTFEEIQNHPWMQDVLLPQETAEIHLHSLSPGPSK	1XQZ;1XR1;1XWS;1YHS;1YI3;1YI4;1YWV;1YXS;1YXT;1YXU;1YXV;1YXX;2BIK;2BIL;2BZH;2BZI;2BZJ;2BZK;2C3I;2J2I;2O3P;2O63;2O64;2O65;2OBJ;2OI4;2XIX;2XIY;2XIZ;2XJ0;2XJ1;2XJ2;3A99;3BGP;3BGQ;3BGZ;3BWF;3C4E;3CXW;3CY2;3CY3;3DCV;3F2A;3JPV;3JXW;3JY0;3JYA;3MA3;3QF9;3R00;3R01;3R02;3R04;3T9I;3UIX;3UMW;3UMX;3VBQ;3VBT;3VBV;3VBW;3VBX;3VBY;3VC4;3WE8;4A7C;4ALU;4ALV;4ALW;4AS0;4BZN;4BZO;4DTK;4ENX;4ENY;4GW8;4I41;4IAA;4JX3;4JX7;4K0Y;4K18;4K1B;4LL5;4LM5;4LMU;4MBI;4MBL;4MTA;4N6Y;4N6Z;4N70;4RBL;4RC2;4RC3;4RC4;4RPV;4TY1;4WRS;4WSY;4WT6;4XH6;4XHK;5C1Q;5DGZ;5DHJ;5DIA;5DWR;5EOL;5IIS;5IPJ;5KCX;5KGD;5KGE;5KGG;5KGI;5KGK;5KZI;5MZL;5N4N;5N4O;5N4R;5N4U;5N4V;5N4X;5N4Y;5N4Z;5N50;5N51;5N52;5N5L;5N5M;5NDT;5O11;5O12;5O13;5TEL;5TEX;5TOE;5TUR;5V80;5V82;5VUA;5VUB;5VUC;6AYD;6BSK;6KZI;6L11;6L12;6L13;6L14;6L15;6L16;6L17;6MT0;6NO8;6NO9;6PCW;6PDI;6PDN;6PDO;6PDP;6QXK;6VRU;6VRV;6YKD;7OOV;7OOW;7OOX;7QB2;7QFM;7XSV;7ZUN;8AFR;	PF00069;
CHEMBL214	P08908	reviewed	5HT1A_HUMAN	5-hydroxytryptamine receptor 1A (5-HT-1A) (5-HT1A) (G-21) (Serotonin receptor 1A)	HTR1A ADRB2RL1 ADRBRL1	Homo sapiens (Human)	422	MDVLSPGQGNNTTSPPAPFETGGNTTGISDVTVSYQVITSLLLGTLIFCAVLGNACVVAAIALERSLQNVANYLIGSLAVTDLMVSVLVLPMAALYQVLNKWTLGQVTCDLFIALDVLCCTSSILHLCAIALDRYWAITDPIDYVNKRTPRRAAALISLTWLIGFLISIPPMLGWRTPEDRSDPDACTISKDHGYTIYSTFGAFYIPLLLMLVLYGRIFRAARFRIRKTVKKVEKTGADTRHGASPAPQPKKSVNGESGSRNWRLGVESKAGGALCANGAVRQGDDGAALEVIEVHRVGNSKEHLPLPSEAGPTPCAPASFERKNERNAEAKRKMALARERKTVKTLGIIMGTFILCWLPFFIVALVLPFCESSCHMPTLLGAIINWLGYSNSLLNPVIYAYFNKDFQNAFKKIIKCKFCRQ	7E2X;7E2Y;7E2Z;	PF00001;
CHEMBL228	P31645	reviewed	SC6A4_HUMAN	Sodium-dependent serotonin transporter (SERT) (5HT transporter) (5HTT) (Solute carrier family 6 member 4)	SLC6A4 HTT SERT	Homo sapiens (Human)	630	METTPLNSQKQLSACEDGEDCQENGVLQKVVPTPGDKVESGQISNGYSAVPSPGAGDDTRHSIPATTTTLVAELHQGERETWGKKVDFLLSVIGYAVDLGNVWRFPYICYQNGGGAFLLPYTIMAIFGGIPLFYMELALGQYHRNGCISIWRKICPIFKGIGYAICIIAFYIASYYNTIMAWALYYLISSFTDQLPWTSCKNSWNTGNCTNYFSEDNITWTLHSTSPAEEFYTRHVLQIHRSKGLQDLGGISWQLALCIMLIFTVIYFSIWKGVKTSGKVVWVTATFPYIILSVLLVRGATLPGAWRGVLFYLKPNWQKLLETGVWIDAAAQIFFSLGPGFGVLLAFASYNKFNNNCYQDALVTSVVNCMTSFVSGFVIFTVLGYMAEMRNEDVSEVAKDAGPSLLFITYAEAIANMPASTFFAIIFFLMLITLGLDSTFAGLEGVITAVLDEFPHVWAKRRERFVLAVVITCFFGSLVTLTFGGAYVVKLLEEYATGPAVLTVALIEAVAVSWFYGITQFCRDVKEMLGFSPGWFWRICWVAISPLFLLFIICSFLMSPPQLRLFQYNYPYWSIILGYCIGTSSFICIPTYIAYRLIITPGTFKERIIKSITPETPTEIPCGDIRLNAV	5I6X;5I6Z;5I71;5I73;5I74;5I75;6AWN;6AWO;6AWP;6AWQ;6DZV;6DZW;6DZY;6DZZ;6VRH;6VRK;6VRL;6W2B;6W2C;7LI6;7LI7;7LI8;7LI9;7LIA;7LWD;7MGW;7TXT;	PF03491;PF00209;
CHEMBL287	Q99720	reviewed	SGMR1_HUMAN	Sigma non-opioid intracellular receptor 1 (Aging-associated gene 8 protein) (SR31747-binding protein) (SR-BP) (Sigma 1-type opioid receptor) (SIG-1R) (Sigma1-receptor) (Sigma1R) (hSigmaR1)	SIGMAR1 OPRS1 SRBP AAG8	Homo sapiens (Human)	223	MQWAVGRRWAWAALLLAVAAVLTQVVWLWLGTQSFVFQREEIAQLARQYAGLDHELAFSRLIVELRRLHPGHVLPDEELQWVFVNAGGWMGAMCLLHASLSEYVLLFGTALGSRGHSGRYWAEISDTIISGTFHQWREGTTKSEVFYPGETVVHGPGEATAVEWGPNTWMVEYGRGVIPSTLAFALADTVFSTQDFLTLFYTLRSYARGLRLELTTYLFGQDP	5HK1;5HK2;6DJZ;6DK0;6DK1;	PF04622;
CHEMBL204	P00734	reviewed	THRB_HUMAN	Prothrombin (EC 3.4.21.5) (Coagulation factor II) [Cleaved into: Activation peptide fragment 1; Activation peptide fragment 2; Thrombin light chain; Thrombin heavy chain]	F2	Homo sapiens (Human)	622	MAHVRGLQLPGCLALAALCSLVHSQHVFLAPQQARSLLQRVRRANTFLEEVRKGNLERECVEETCSYEEAFEALESSTATDVFWAKYTACETARTPRDKLAACLEGNCAEGLGTNYRGHVNITRSGIECQLWRSRYPHKPEINSTTHPGADLQENFCRNPDSSTTGPWCYTTDPTVRRQECSIPVCGQDQVTVAMTPRSEGSSVNLSPPLEQCVPDRGQQYQGRLAVTTHGLPCLAWASAQAKALSKHQDFNSAVQLVENFCRNPDGDEEGVWCYVAGKPGDFGYCDLNYCEEAVEEETGDGLDEDSDRAIEGRTATSEYQTFFNPRTFGSGEADCGLRPLFEKKSLEDKTERELLESYIDGRIVEGSDAEIGMSPWQVMLFRKSPQELLCGASLISDRWVLTAAHCLLYPPWDKNFTENDLLVRIGKHSRTRYERNIEKISMLEKIYIHPRYNWRENLDRDIALMKLKKPVAFSDYIHPVCLPDRETAASLLQAGYKGRVTGWGNLKETWTANVGKGQPSVLQVVNLPIVERPVCKDSTRIRITDNMFCAGYKPDEGKRGDACEGDSGGPFVMKSPFNNRWYQMGIVSWGEGCDRDGKYGFYTHVFRLKKWIQKVIDQFGE	1A2C;1A3B;1A3E;1A46;1A4W;1A5G;1A61;1ABI;1ABJ;1AD8;1AE8;1AFE;1AHT;1AI8;1AIX;1AWF;1AWH;1AY6;1B5G;1B7X;1BA8;1BB0;1BCU;1BHX;1BMM;1BMN;1BTH;1C1U;1C1V;1C1W;1C4U;1C4V;1C4Y;1C5L;1C5N;1C5O;1CA8;1D3D;1D3P;1D3Q;1D3T;1D4P;1D6W;1D9I;1DE7;1DIT;1DM4;1DOJ;1DWB;1DWC;1DWD;1DWE;1DX5;1E0F;1EB1;1EOJ;1EOL;1FPC;1FPH;1G30;1G32;1G37;1GHV;1GHW;1GHX;1GHY;1GJ4;1GJ5;1H8D;1H8I;1HAG;1HAH;1HAI;1HAO;1HAP;1HBT;1HDT;1HGT;1HLT;1HUT;1HXE;1HXF;1IHS;1IHT;1JMO;1JOU;1JWT;1K21;1K22;1KTS;1KTT;1LHC;1LHD;1LHE;1LHF;1LHG;1MH0;1MU6;1MU8;1MUE;1NM6;1NO9;1NRN;1NRO;1NRP;1NRQ;1NRR;1NRS;1NT1;1NU7;1NU9;1NY2;1NZQ;1O0D;1O2G;1O5G;1OOK;1OYT;1P8V;1PPB;1QBV;1QHR;1QJ1;1QJ6;1QJ7;1QUR;1RD3;1RIW;1SB1;1SFQ;1SG8;1SGI;1SHH;1SL3;1SR5;1T4U;1T4V;1TA2;1TA6;1TB6;1TBZ;1THP;1THR;1THS;1TMB;1TMT;1TMU;1TOM;1TQ0;1TQ7;1TWX;1UMA;1UVS;1VR1;1VZQ;1W7G;1WAY;1WBG;1XM1;1XMN;1YPE;1YPG;1YPJ;1YPK;1YPL;1YPM;1Z71;1Z8I;1Z8J;1ZGI;1ZGV;1ZRB;2A0Q;2A2X;2A45;2AFQ;2ANK;2ANM;2B5T;2BDY;2BVR;2BVS;2BVX;2BXT;2BXU;2C8W;2C8X;2C8Y;2C8Z;2C90;2C93;2CF8;2CF9;2CN0;2FEQ;2FES;2GDE;2GP9;2H9T;2HGT;2HNT;2HPP;2HPQ;2HWL;2JH0;2JH5;2JH6;2OD3;2PGB;2PGQ;2PKS;2PW8;2R2M;2THF;2UUF;2UUJ;2UUK;2V3H;2V3O;2ZC9;2ZDA;2ZDV;2ZF0;2ZFF;2ZFP;2ZFQ;2ZFR;2ZG0;2ZGB;2ZGX;2ZHE;2ZHF;2ZHQ;2ZHW;2ZI2;2ZIQ;2ZNK;2ZO3;3B23;3B9F;3BEF;3BEI;3BF6;3BIU;3BIV;3BV9;3C1K;3C27;3D49;3DA9;3DD2;3DHK;3DT0;3DUX;3E6P;3EE0;3EGK;3EQ0;3F68;3GIC;3GIS;3HAT;3HKJ;3HTC;3JZ1;3JZ2;3K65;3LDX;3LU9;3NXP;3P17;3P6Z;3P70;3PMH;3PO1;3QDZ;3QGN;3QLP;3QTO;3QTV;3QWC;3QX5;3R3G;3RLW;3RLY;3RM0;3RM2;3RML;3RMM;3RMN;3RMO;3S7H;3S7K;3SHA;3SHC;3SI3;3SI4;3SQE;3SQH;3SV2;3T5F;3TU7;3U69;3U8O;3U8R;3U8T;3U98;3U9A;3UTU;3UWJ;3VXE;3VXF;4AX9;4AYV;4AYY;4AZ2;4BAH;4BAK;4BAM;4BAN;4BAO;4BAQ;4BOH;4CH2;4CH8;4DIH;4DII;4DT7;4DY7;4E05;4E06;4E7R;4H6S;4H6T;4HFP;4HTC;4HZH;4I7Y;4LOY;4LXB;4LZ1;4LZ4;4MLF;4NZQ;4O03;4RKJ;4RKO;4RN6;4THN;4UD9;4UDW;4UE7;4UEH;4UFD;4UFE;4UFF;4UFG;4YES;5A2M;5AF9;5AFY;5AFZ;5AHG;5CMX;5DO4;5E8E;5EDK;5EDM;5EW1;5EW2;5GDS;5GIM;5JDU;5JFD;5JZY;5L6N;5MJT;5MLS;5MM6;5NHU;5TO3;5Z5W;5Z5X;6BJR;6C2W;6EO6;6EO7;6EO8;6EO9;6V5T;7KME;7TPP;8KME;	PF00594;PF00051;PF09396;PF00089;
CHEMBL1862	P00519	reviewed	ABL1_HUMAN	Tyrosine-protein kinase ABL1 (EC 2.7.10.2) (Abelson murine leukemia viral oncogene homolog 1) (Abelson tyrosine-protein kinase 1) (Proto-oncogene c-Abl) (p150)	ABL1 ABL JTK7	Homo sapiens (Human)	1130	MLEICLKLVGCKSKKGLSSSSSCYLEEALQRPVASDFEPQGLSEAARWNSKENLLAGPSENDPNLFVALYDFVASGDNTLSITKGEKLRVLGYNHNGEWCEAQTKNGQGWVPSNYITPVNSLEKHSWYHGPVSRNAAEYLLSSGINGSFLVRESESSPGQRSISLRYEGRVYHYRINTASDGKLYVSSESRFNTLAELVHHHSTVADGLITTLHYPAPKRNKPTVYGVSPNYDKWEMERTDITMKHKLGGGQYGEVYEGVWKKYSLTVAVKTLKEDTMEVEEFLKEAAVMKEIKHPNLVQLLGVCTREPPFYIITEFMTYGNLLDYLRECNRQEVNAVVLLYMATQISSAMEYLEKKNFIHRDLAARNCLVGENHLVKVADFGLSRLMTGDTYTAHAGAKFPIKWTAPESLAYNKFSIKSDVWAFGVLLWEIATYGMSPYPGIDLSQVYELLEKDYRMERPEGCPEKVYELMRACWQWNPSDRPSFAEIHQAFETMFQESSISDEVEKELGKQGVRGAVSTLLQAPELPTKTRTSRRAAEHRDTTDVPEMPHSKGQGESDPLDHEPAVSPLLPRKERGPPEGGLNEDERLLPKDKKTNLFSALIKKKKKTAPTPPKRSSSFREMDGQPERRGAGEEEGRDISNGALAFTPLDTADPAKSPKPSNGAGVPNGALRESGGSGFRSPHLWKKSSTLTSSRLATGEEEGGGSSSKRFLRSCSASCVPHGAKDTEWRSVTLPRDLQSTGRQFDSSTFGGHKSEKPALPRKRAGENRSDQVTRGTVTPPPRLVKKNEEAADEVFKDIMESSPGSSPPNLTPKPLRRQVTVAPASGLPHKEEAGKGSALGTPAAAEPVTPTSKAGSGAPGGTSKGPAEESRVRRHKHSSESPGRDKGKLSRLKPAPPPPPAASAGKAGGKPSQSPSQEAAGEAVLGAKTKATSLVDAVNSDAAKPSQPGEGLKKPVLPATPKPQSAKPSGTPISPAPVPSTLPSASSALAGDQPSSTAFIPLISTRVSLRKTRQPPERIASGAITKGVVLDSTEALCLAISRNSEQMASHSAVLEAGKNLYTFCVSYVDSIQQMRNKFAFREAINKLENNLRELQICPATAGSGPAATQDFSKLLSSVKEISDIVQR	1AB2;1AWO;1BBZ;1JU5;1OPL;1ZZP;2ABL;2E2B;2F4J;2FO0;2G1T;2G2F;2G2H;2G2I;2GQG;2HIW;2HYY;2HZ0;2HZ4;2HZI;2O88;2V7A;3CS9;3EG0;3EG1;3EG2;3EG3;3EGU;3K2M;3PYY;3QRI;3QRJ;3QRK;3T04;3UE4;3UYO;4J9B;4J9C;4J9D;4J9E;4J9F;4J9G;4J9H;4J9I;4JJB;4JJC;4JJD;4TWP;4WA9;4XEY;4YC8;4ZOG;5DC0;5DC4;5DC9;5HU9;5MO4;5NP2;5OAZ;6AMV;6AMW;6BL8;6NPE;6NPU;6NPV;6XR6;6XR7;6XRG;7CC2;7DT2;7N9G;7PVQ;7PVR;7PVS;7PVV;7PW2;7W7X;7W7Y;8H7F;8H7H;	PF08919;PF07714;PF00017;PF00018;
CHEMBL233	P35372	reviewed	OPRM_HUMAN	Mu-type opioid receptor (M-OR-1) (MOR-1) (Mu opiate receptor) (Mu opioid receptor) (MOP) (hMOP)	OPRM1 MOR1	Homo sapiens (Human)	400	MDSSAAPTNASNCTDALAYSSCSPAPSPGSWVNLSHLDGNLSDPCGPNRTDLGGRDSLCPPTGSPSMITAITIMALYSIVCVVGLFGNFLVMYVIVRYTKMKTATNIYIFNLALADALATSTLPFQSVNYLMGTWPFGTILCKIVISIDYYNMFTSIFTLCTMSVDRYIAVCHPVKALDFRTPRNAKIINVCNWILSSAIGLPVMFMATTKYRQGSIDCTLTFSHPTWYWENLLKICVFIFAFIMPVLIITVCYGLMILRLKSVRMLSGSKEKDRNLRRITRMVLVVVAVFIVCWTPIHIYVIIKALVTIPETTFQTVSWHFCIALGYTNSCLNPVLYAFLDENFKRCFREFCIPTSSNIEQQNSTRIRQNTRDHPSTANTVDRTNHQLENLEAETAPLP	8EF5;8EF6;8EFB;8EFL;8EFO;8EFQ;8F7Q;8F7R;	PF00001;
